{"cameraMode":{"drawMode":0,"name":"Shaded","section":"Shading Mode"},"sceneLighting":true,"audioPlay":false,"sceneViewState":{"m_AlwaysRefresh":false,"showFog":true,"showSkybox":true,"showFlares":true,"showImageEffects":true,"showParticleSystems":true,"showVisualEffectGraphs":true,"m_FxEnabled":true},"in2DMode":false,"pivot":{"x":-3.4281857013702394,"y":0.9110008478164673,"z":12.153582572937012},"rotation":{"x":0.08038370311260224,"y":-0.7926172018051148,"z":0.10711249709129334,"w":0.5948290228843689},"size":0.15761978924274445,"orthographic":false}